name,role,response
Gray Vogel,Design Researcher,"I struggle with knowing when to stop collecting data because there is always pressure for one more round. Leadership asked for a dashboard, but interviews showed people needed reminders, not charts."
Casey Hughes,Design Researcher,"Stakeholders wanted velocity, but the real risk was in unstated assumptions about user behavior. The most useful moment was when a participant walked us through a workaround step by step."
Cameron Fisher,UX Writer,"Synthesis dragged because everyone wanted to tag transcripts differently, so we aligned on a lightweight codebook first. We shared a two-minute clip from a session and the engineering conversation finally shifted."
Harper Young,UX Researcher,I have been experimenting with shorter readouts because long decks get skimmed and forgotten. I document assumptions at kickoff so we can revisit them when results surprise us.
Vince Okonkwo,Design Researcher,"People mixed up two labels that looked similar on mobile, which pushed us to tighten the design system guidance. We prioritized fixing language before adding new functionality, which reduced support load."
Drew Moore,UX Designer,"Customer support scripts contradicted the UI in places, which showed up as repeated tickets. I write a one-page brief for busy partners and attach the appendix for those who want depth."
Ellis Kim,Service Designer,"Accessibility came up when we watched assistive tech users navigate flows we thought were straightforward. Since then, I push for a shared glossary so design and content stay aligned."
Parker Okonkwo,UX Researcher,"My team does not have a dedicated researcher, so I facilitate interviews and bring in a partner for synthesis when I can. I try to end interviews with one open question that often produces the best quotes."
Parker Murphy,Content Strategist,"We found a segment that needed simpler language, so we revised labels and re-tested. I have been framing research as risk reduction, which helps with timeline conversations."
Sage Fisher,Service Designer,"Error messages used jargon that failed a quick comprehension check, so we partnered with content earlier. I am cautious with automated transcript tools; they help with first passes but miss nuance."
Drew Park,Product Manager,"Analytics suggested one story, but sessions showed people doing something else entirely. The next step was a short validation study focused on the highest-risk screen."
Casey Bennett,Service Designer,"The onboarding flow assumed prior knowledge we never communicated, so we rewrote the first-run experience. After synthesis, I try to name the decision each finding should influence."
Sage Lopez,UX Writer,"On my last study, recruiting took longer than the sessions, so I started building a small participant panel. I started including a confidence note with recommendations so tradeoffs are explicit."
Kai King,Service Designer,"Users hesitated at the pricing step even when the math was correct, so we tested explanations and layout. I now run smaller studies more often instead of one large study that arrives too late."
Quinn Park,Content Strategist,"Remote sessions helped us include people outside our main city, which changed some of our conclusions. We paired quantitative funnels with a handful of sessions to explain the why behind the drop-off."
Emery Kimura,Service Designer,The design system component did not cover an edge case we kept seeing in sessions. I keep advocating for earlier involvement from people who use assistive technologies.
Vince Diaz,Service Designer,"A diary study surfaced habits that interviews never captured, which redirected the roadmap discussion. We stopped asking participants to rank dozens of features and focused on tasks instead."
Wren Garcia,UX Designer,"Participants described workarounds we had not documented, so we updated the journey map. Onboarding still does not have a clear owner, so the experience stays inconsistent across teams."
Cameron Santos,Content Strategist,"I usually begin by mapping assumptions and then testing the riskiest ones first. We killed a feature idea based on findings, and that felt like a real win even though it is hard to metricize."
Nico Moore,Service Designer,The hardest part is translating messy qualitative notes into decisions the team will actually use. Facilitation is still the skill I practice most because it is easy to steer by accident.
Wren Bennett,Service Designer,"I struggle with knowing when to stop collecting data because there is always pressure for one more round. Leadership asked for a dashboard, but interviews showed people needed reminders, not charts."
Reese Alvarez,Service Designer,"Stakeholders wanted velocity, but the real risk was in unstated assumptions about user behavior. The most useful moment was when a participant walked us through a workaround step by step."
Max Hayes,Product Manager,"Synthesis dragged because everyone wanted to tag transcripts differently, so we aligned on a lightweight codebook first. We shared a two-minute clip from a session and the engineering conversation finally shifted."
Indigo Flores,Service Designer,I have been experimenting with shorter readouts because long decks get skimmed and forgotten. I document assumptions at kickoff so we can revisit them when results surprise us.
Vince King,Product Manager,"People mixed up two labels that looked similar on mobile, which pushed us to tighten the design system guidance. We prioritized fixing language before adding new functionality, which reduced support load."
Yuki Carter,UX Writer,"Customer support scripts contradicted the UI in places, which showed up as repeated tickets. I write a one-page brief for busy partners and attach the appendix for those who want depth."
Frankie Webb,UX Designer,"Accessibility came up when we watched assistive tech users navigate flows we thought were straightforward. Since then, I push for a shared glossary so design and content stay aligned."
Indigo Irwin,Content Strategist,"My team does not have a dedicated researcher, so I facilitate interviews and bring in a partner for synthesis when I can. I try to end interviews with one open question that often produces the best quotes."
Finley Garcia,Design Researcher,"We found a segment that needed simpler language, so we revised labels and re-tested. I have been framing research as risk reduction, which helps with timeline conversations."
Harper Hayes,Service Designer,"Error messages used jargon that failed a quick comprehension check, so we partnered with content earlier. I am cautious with automated transcript tools; they help with first passes but miss nuance."
Kai Carter,UX Writer,"Analytics suggested one story, but sessions showed people doing something else entirely. The next step was a short validation study focused on the highest-risk screen."
Ellis Young,Content Strategist,"The onboarding flow assumed prior knowledge we never communicated, so we rewrote the first-run experience. After synthesis, I try to name the decision each finding should influence."
Zara Fisher,UX Writer,"On my last study, recruiting took longer than the sessions, so I started building a small participant panel. I started including a confidence note with recommendations so tradeoffs are explicit."
Riley Liu,Design Researcher,"Users hesitated at the pricing step even when the math was correct, so we tested explanations and layout. I now run smaller studies more often instead of one large study that arrives too late."
Avery Reed,Service Designer,"Remote sessions helped us include people outside our main city, which changed some of our conclusions. We paired quantitative funnels with a handful of sessions to explain the why behind the drop-off."
Uma Kimura,Design Researcher,The design system component did not cover an edge case we kept seeing in sessions. I keep advocating for earlier involvement from people who use assistive technologies.
Alex Reed,Product Manager,"A diary study surfaced habits that interviews never captured, which redirected the roadmap discussion. We stopped asking participants to rank dozens of features and focused on tasks instead."
Kendall Park,Content Strategist,"Participants described workarounds we had not documented, so we updated the journey map. Onboarding still does not have a clear owner, so the experience stays inconsistent across teams."
Avery Hughes,UX Writer,"I usually begin by mapping assumptions and then testing the riskiest ones first. We killed a feature idea based on findings, and that felt like a real win even though it is hard to metricize."
Logan Irwin,UX Researcher,The hardest part is translating messy qualitative notes into decisions the team will actually use. Facilitation is still the skill I practice most because it is easy to steer by accident.
Val Irwin,UX Writer,"I struggle with knowing when to stop collecting data because there is always pressure for one more round. Leadership asked for a dashboard, but interviews showed people needed reminders, not charts."
Morgan Hayes,Product Manager,"Stakeholders wanted velocity, but the real risk was in unstated assumptions about user behavior. The most useful moment was when a participant walked us through a workaround step by step."
Tracy Nguyen,UX Writer,"Synthesis dragged because everyone wanted to tag transcripts differently, so we aligned on a lightweight codebook first. We shared a two-minute clip from a session and the engineering conversation finally shifted."
Wren Hall,UX Researcher,I have been experimenting with shorter readouts because long decks get skimmed and forgotten. I document assumptions at kickoff so we can revisit them when results surprise us.
Harper Webb,Design Researcher,"People mixed up two labels that looked similar on mobile, which pushed us to tighten the design system guidance. We prioritized fixing language before adding new functionality, which reduced support load."
Val Flores,UX Researcher,"Customer support scripts contradicted the UI in places, which showed up as repeated tickets. I write a one-page brief for busy partners and attach the appendix for those who want depth."
Quinn Moore,UX Researcher,"Accessibility came up when we watched assistive tech users navigate flows we thought were straightforward. Since then, I push for a shared glossary so design and content stay aligned."
Finley Hall,Design Researcher,"My team does not have a dedicated researcher, so I facilitate interviews and bring in a partner for synthesis when I can. I try to end interviews with one open question that often produces the best quotes."
Ellis King,Design Researcher,"We found a segment that needed simpler language, so we revised labels and re-tested. I have been framing research as risk reduction, which helps with timeline conversations."
Indigo Foster,Service Designer,"Error messages used jargon that failed a quick comprehension check, so we partnered with content earlier. I am cautious with automated transcript tools; they help with first passes but miss nuance."
Pat Liu,UX Designer,"Analytics suggested one story, but sessions showed people doing something else entirely. The next step was a short validation study focused on the highest-risk screen."
Riley Jones,Design Researcher,"The onboarding flow assumed prior knowledge we never communicated, so we rewrote the first-run experience. After synthesis, I try to name the decision each finding should influence."
Zara Carter,UX Designer,"On my last study, recruiting took longer than the sessions, so I started building a small participant panel. I started including a confidence note with recommendations so tradeoffs are explicit."
Uma Wright,Service Designer,"Users hesitated at the pricing step even when the math was correct, so we tested explanations and layout. I now run smaller studies more often instead of one large study that arrives too late."
Val Alvarez,Service Designer,"Remote sessions helped us include people outside our main city, which changed some of our conclusions. We paired quantitative funnels with a handful of sessions to explain the why behind the drop-off."
Drew Evans,UX Writer,The design system component did not cover an edge case we kept seeing in sessions. I keep advocating for earlier involvement from people who use assistive technologies.
Lane Reed,UX Designer,"A diary study surfaced habits that interviews never captured, which redirected the roadmap discussion. We stopped asking participants to rank dozens of features and focused on tasks instead."
Parker Lopez,Product Manager,"Participants described workarounds we had not documented, so we updated the journey map. Onboarding still does not have a clear owner, so the experience stays inconsistent across teams."
Blake Liu,UX Designer,"I usually begin by mapping assumptions and then testing the riskiest ones first. We killed a feature idea based on findings, and that felt like a real win even though it is hard to metricize."
Yuki Diaz,UX Researcher,The hardest part is translating messy qualitative notes into decisions the team will actually use. Facilitation is still the skill I practice most because it is easy to steer by accident.
Ellis Garcia,UX Designer,"I struggle with knowing when to stop collecting data because there is always pressure for one more round. Leadership asked for a dashboard, but interviews showed people needed reminders, not charts."
Alex Lopez,UX Writer,"Stakeholders wanted velocity, but the real risk was in unstated assumptions about user behavior. The most useful moment was when a participant walked us through a workaround step by step."
Quinn Kimura,Service Designer,"Synthesis dragged because everyone wanted to tag transcripts differently, so we aligned on a lightweight codebook first. We shared a two-minute clip from a session and the engineering conversation finally shifted."
Reese Bennett,UX Writer,I have been experimenting with shorter readouts because long decks get skimmed and forgotten. I document assumptions at kickoff so we can revisit them when results surprise us.
Indigo Moore,UX Writer,"People mixed up two labels that looked similar on mobile, which pushed us to tighten the design system guidance. We prioritized fixing language before adding new functionality, which reduced support load."
Pat Flores,Design Researcher,"Customer support scripts contradicted the UI in places, which showed up as repeated tickets. I write a one-page brief for busy partners and attach the appendix for those who want depth."
Pat Brooks,UX Designer,"Accessibility came up when we watched assistive tech users navigate flows we thought were straightforward. Since then, I push for a shared glossary so design and content stay aligned."
Gray Murphy,Service Designer,"My team does not have a dedicated researcher, so I facilitate interviews and bring in a partner for synthesis when I can. I try to end interviews with one open question that often produces the best quotes."
Kendall Vogel,Content Strategist,"We found a segment that needed simpler language, so we revised labels and re-tested. I have been framing research as risk reduction, which helps with timeline conversations."
Jamie Fisher,Design Researcher,"Error messages used jargon that failed a quick comprehension check, so we partnered with content earlier. I am cautious with automated transcript tools; they help with first passes but miss nuance."
